[
  {
    "fname": "Thanchanok",
    "lname": "Phinyojit",
    "occupation_cat": "Computer",
    "occupation": "Data Analyst",
    "email": "aimmythanchanok37530@gmail.com",
    "password": "1111"
  },
  {
    "fname": "Thanchanok",
    "lname": "Phinyojit",
    "occupation_cat": "Computer",
    "occupation": "Computer Systems Analyst",
    "email": "aaaaa@gmail.com",
    "password": "1111"
  },
  {
    "fname": "Thanchanok",
    "lname": "Phinyojit",
    "occupation_cat": "Computer",
    "occupation": "Computer Scientist",
    "email": "aimmythanchanok@gmail.com",
    "password": "1111"
  }
]